{"0":{"pred_0":2635.0285015976,"pred_1":2652.6699468435,"pred_2":2621.9396696018,"pred_3":2711.8038363104},"1":{"pred_0":1874.8903536803,"pred_1":1894.9334820823,"pred_2":1875.2322733868,"pred_3":1897.9844625527},"2":{"pred_0":3519.1413398197,"pred_1":3470.6996033803,"pred_2":3492.4851246711,"pred_3":3594.9200393239},"3":{"pred_0":4541.554006269,"pred_1":4570.886244419,"pred_2":4611.1142879192,"pred_3":4678.1240183856},"4":{"pred_0":973.3173261339,"pred_1":1017.6834006547,"pred_2":959.3471063977,"pred_3":1005.579602406},"5":{"pred_0":7875.4084848644,"pred_1":7647.3031387674,"pred_2":8274.6454983981,"pred_3":8196.2403581061}}