{
    "0": {
        "pred_0": 2677.9093527347,
        "pred_1": 2695.831815041,
        "pred_2": 2683.0401461955,
        "pred_3": 2765.3291420624
    },
    "1": {
        "pred_0": 1856.1836708259,
        "pred_1": 1861.8863651441,
        "pred_2": 1854.1340126986,
        "pred_3": 1874.9976383312
    },
    "2": {
        "pred_0": 3764.3128445974,
        "pred_1": 3736.4564533143,
        "pred_2": 3752.6015816296,
        "pred_3": 3836.247191827
    },
    "3": {
        "pred_0": 4894.4749538821,
        "pred_1": 4933.061111936,
        "pred_2": 4984.287865077,
        "pred_3": 5056.2373439379
    },
    "4": {
        "pred_0": 27734.4605795965,
        "pred_1": 28782.5688868435,
        "pred_2": 30171.0263154696,
        "pred_3": 31337.5166667945
    },
    "5": {
        "pred_0": 58716.1666130807,
        "pred_1": 183.3810986773,
        "pred_2": 63634.2802100418,
        "pred_3": 157.6045600342
    }
}