{"0":{"pred_0":6830.3511453327,"pred_1":6926.3431428213,"pred_2":7029.4100611601,"pred_3":7327.9139211337},"1":{"pred_0":4971.1853317538,"pred_1":5081.2903876142,"pred_2":5100.4921460272,"pred_3":5136.1155137961},"2":{"pred_0":2273.1093014421,"pred_1":2250.2614235762,"pred_2":2302.8107164785,"pred_3":2309.9990944045},"3":{"pred_0":3336.3316614766,"pred_1":3321.800426939,"pred_2":3365.2159841843,"pred_3":3412.2225467435},"4":{"pred_0":1531.5871869548,"pred_1":1565.2681361699,"pred_2":1532.7469592388,"pred_3":1548.9573814015},"5":{"pred_0":1016.4355974659,"pred_1":999.2034416593,"pred_2":1001.5583253864,"pred_3":938.5420910645}}