{"0":{"pred_0":7466.0367305997,"pred_1":7719.5671550011,"pred_2":7945.7280144006,"pred_3":8022.6999925713},"1":{"pred_0":5347.2178968898,"pred_1":5381.6572898649,"pred_2":5435.808291816,"pred_3":5500.331952285},"2":{"pred_0":2413.3590157955,"pred_1":2450.2336051466,"pred_2":2494.7411450054,"pred_3":2562.5532298825},"3":{"pred_0":3567.5928157212,"pred_1":3567.6285548896,"pred_2":3615.9048056038,"pred_3":3676.0252857235},"4":{"pred_0":1572.0811945316,"pred_1":1572.3540322109,"pred_2":1579.5376748254,"pred_3":1599.1897431807},"5":{"pred_0":1036.6977250059,"pred_1":998.1285855001,"pred_2":990.3857116096,"pred_3":966.7058868519}}