,RMSE,MAE
0,54.84421307051775,46.29415515677192
1,79.70649767396777,51.387581096030544
2,33.42778462078922,27.316151735077682
3,130.04455646410347,102.19262882351256
4,300.4628678487721,240.3331440682473
5,58.35220514731352,50.06544887397746
6,30.58591839851515,26.55072702061841
7,60.75372112908893,49.35295217430763
8,151.61322501482908,119.89886934112565
9,84.73003749965665,69.93636022109695
