,RMSE,MAE
0,57.925041580263134,50.07946137165703
1,54.86483935975209,45.871507278147874
2,140.6948409979655,109.24627631121461
3,99.19272835326156,81.69842630129142
4,241.4389972703185,175.63125245284186
5,34.53564551244971,28.431373346591556
6,65.34316897326333,50.48391950428504
7,107.40887984300157,92.56331894506263
8,591.1087855792213,513.3930020540774
9,57.13042646263165,45.52816285210724
10,69.37366025401968,43.30049446169119
