,RMSE,MAE
0,71.59688065575698,55.94444122097286
1,54.35455790698707,45.38740032687667
2,165.93423624382154,132.01293703310466
3,241.4389972703185,175.63125245284186
4,39.82665304389533,35.24629731518303
5,33.42778462078922,27.316151735077682
6,122.42244739424592,91.21557773496568
7,56.882235074595805,48.660002934478484
8,37.38551945946934,31.105872784609744
9,79.70649767396777,51.387581096030544
10,84.73003749965665,69.93636022109695
11,591.1087855792213,513.3930020540774
