,RMSE,MAE
0,93.45249324617787,72.36579310085494
1,53.799406512935484,44.63684047366246
