,RMSE,MAE
0,54.84716927765252,45.38126385583985
1,93.45249324617787,72.36579310085494
2,47.06596446129787,39.3775917459501
