,RMSE,MAE
0,53.0944233993697,44.32116697238973
1,125.07510962535528,101.31332775131295
2,47.06596446129787,39.3775917459501
3,139.14966160636303,117.7702481899737
