,RMSE,MAE
0,47.44019760135414,40.05992848583952
1,55.2689297260445,46.80145718464826
2,123.18655133526768,93.38335382180503
3,71.08703795606827,54.00559855228869
4,280.03360384280006,228.34197121379134
