,RMSE,MAE
0,55.19962859527571,46.520247484521406
1,71.08703795606827,54.00559855228869
2,123.18655133526768,93.38335382180503
3,33.75261103195014,27.2317812122387
4,280.03360384280006,228.34197121379134
5,60.1916531476736,52.56875677283557
