,RMSE,MAE
0,58.359975074781616,47.64637577128053
1,101.90234481514734,86.63684573538512
2,33.75261103195014,27.2317812122387
3,55.24378079798624,45.95757465064571
4,126.40667583796694,108.19498648146543
5,300.4628678487721,240.3331440682473
6,60.1916531476736,52.56875677283557
