,RMSE,MAE
0,58.221351485030304,46.75743939687493
1,54.2084698324319,45.49478266582105
2,79.70649767396777,51.387581096030544
3,60.1916531476736,52.56875677283557
4,151.61322501482908,119.89886934112565
5,300.4628678487721,240.3331440682473
6,33.75261103195014,27.2317812122387
7,108.83669663936321,89.1415000846855
