,RMSE,MAE
0,54.2084698324319,45.49478266582105
1,79.70649767396777,51.387581096030544
2,33.75261103195014,27.2317812122387
3,108.83669663936321,89.1415000846855
4,414.958244292797,361.3079466987974
5,58.221351485030304,46.75743939687493
6,60.1916531476736,52.56875677283557
7,151.61322501482908,119.89886934112565
8,299.9286997563881,240.62795408268403
