,postal code,rmse,mae,mpe,parameter
0,0,165.53131169573845,134.0832705665423,0.0186299447922178,0.1
1,1,165.95994401094404,126.95080790627367,0.023963770161448635,0.1
2,2,85.5244707256967,69.6981723574363,0.02920109693375001,0.001
3,3,92.10991969468198,84.21846568223941,0.02403870467208223,0.1
4,4,43.35730298840309,36.44939854304238,0.02287354047892396,0.1
5,5,28.823582939278403,23.094557221789785,0.022830356060611866,0.01
