{"pred_0":{"0":7396.7022902113,"1":5395.6817053832,"2":2325.6704713774,"3":3593.3250424324,"4":1556.2904198206,"5":1038.8630231965},"pred_1":{"0":7483.5664831636,"1":5423.2289109294,"2":2300.4695848404,"3":3629.3110407371,"4":1555.458644976,"5":994.1541807992},"pred_2":{"0":7616.5576322596,"1":5449.0996447555,"2":2305.1423908554,"3":3644.239463376,"4":1566.8168841854,"5":995.9738691152},"pred_3":{"0":7778.6573185926,"1":5553.9279544397,"2":2370.8050516559,"3":3707.1644802611,"4":1578.6137439146,"5":978.1447306394}}