{"pred_0":{"0":2645.995360538,"1":1847.3527719596,"2":3746.171484667,"3":4880.5075627725,"4":1048.5434948301,"5":8229.2980768559},"pred_1":{"0":2726.4732894464,"1":1897.6034323072,"2":3637.4957532912,"3":4993.9821235383,"4":1028.0791279396,"5":8106.549210279},"pred_2":{"0":2658.1984609219,"1":1858.9709945329,"2":3668.4559217694,"3":5035.743262334,"4":1006.8452786138,"5":8403.769659721},"pred_3":{"0":2756.9520840307,"1":1866.6410701239,"2":3782.6703927283,"3":5149.9527200103,"4":1020.5305984013,"5":8476.6859404924}}