{"pred_0":{"0":3445.1210086856,"1":1408.2742601368,"2":5212.7864963098,"3":823.3819208089,"4":7668.5088540165,"5":2214.3331845824},"pred_1":{"0":3476.774215497,"1":1386.1913481674,"2":5247.9119621212,"3":854.4729194399,"4":7713.5696602323,"5":2219.1277388413},"pred_2":{"0":3569.7664839402,"1":1385.0020673245,"2":5216.3734155421,"3":818.0892542363,"4":7874.2623868469,"5":2214.4756505205},"pred_3":{"0":3590.2412398497,"1":1439.7433079415,"2":5293.1825883267,"3":817.1805445857,"4":7987.8468952623,"5":2249.9553719645}}