{"0":{"pred_0":3537.6958003933,"pred_1":3505.7972763854,"pred_2":3608.6782184266,"pred_3":3581.4017508693},"1":{"pred_0":1401.4978253603,"pred_1":1385.8934563284,"pred_2":1453.98024178,"pred_3":1466.5338690551},"2":{"pred_0":5373.4345225546,"pred_1":5402.7289070016,"pred_2":5411.5379063345,"pred_3":5476.4665992915},"3":{"pred_0":809.5381301805,"pred_1":822.4938122348,"pred_2":794.7530700445,"pred_3":780.2486974882},"4":{"pred_0":7700.5964604755,"pred_1":7700.0782340235,"pred_2":7918.8436841399,"pred_3":8087.9273882923},"5":{"pred_0":2247.1164751686,"pred_1":2230.0335030679,"pred_2":2265.7193706851,"pred_3":2305.0225861275}}