{"0":{"pred_0":3270.6150804789,"pred_1":3228.0291248232,"pred_2":3398.9156283291,"pred_3":3415.5735205661},"1":{"pred_0":1380.733785583,"pred_1":1422.6638574058,"pred_2":1358.0285303632,"pred_3":1402.8436265908},"2":{"pred_0":4928.645057657,"pred_1":5013.1317040094,"pred_2":4962.9965368079,"pred_3":5038.2766996107},"3":{"pred_0":852.4327314109,"pred_1":875.0165817861,"pred_2":845.1964018769,"pred_3":827.000709582},"4":{"pred_0":7259.1171787008,"pred_1":7243.5137075055,"pred_2":7397.1726394745,"pred_3":7486.8383529882},"5":{"pred_0":2177.3176257186,"pred_1":2159.94140306,"pred_2":2184.5633763466,"pred_3":2222.7118598737}}