,K,Median RMSE,Median MAE
0,2.0,73.62594987955667,58.5013167872587
