,K,Median RMSE,Median MAE
0,2.0,73.62594987955667,58.5013167872587
1,3.0,54.84716927765252,45.38126385583985
2,4.0,89.08476651236249,72.81724736185134
3,5.0,71.08703795606827,54.00559855228869
4,6.0,65.63934555187093,53.28717766256213
5,7.0,60.1916531476736,52.56875677283557
6,8.0,69.94907541082068,51.97816893443306
7,9.0,79.70649767396777,52.56875677283557
