postal code,rmse,mae
100,667.0624378565648,532.3218738515573
120,326.08288749506187,287.0714232596015
130,174.27574728175293,134.06900399521987
140,634.1111198469148,518.7728918200942
